name,type,value,date
女孩为何穿短裙,,3927402,2012-2-1
空军引导员AF,,697334,2012-2-1
伊苏，Amber,,449998,2012-2-1
阿良良木健,,387932,2012-2-1
妖刀罪歌,,247065,2012-2-1
TheAvatar,,210026,2012-2-1
情瘦布儒,,204818,2012-2-1
你猜我是谁诶嘿,,153207,2012-2-1
Prof・H,,86011,2012-2-1
晕晕散人,,83420,2012-2-1
温迪妮,,82202,2012-2-1
美男,,77560,2012-2-1
牡舻囊稽c,,66600,2012-2-1
小透明BAKA,,66525,2012-2-1
乔纳森・乔斯达,,62470,2012-2-1
丞之,,62044,2012-2-1
宅腐不两立,,60928,2012-2-1
@乌龟吃鳖,,60873,2012-2-1
拿铁酱,,58624,2012-2-1
螺旋猫岩,,48894,2012-2-1
女孩为何穿短裙,,3927402,2012-3-1
空军引导员AF,,697334,2012-3-1
伊苏，Amber,,449998,2012-3-1
阿良良木健,,387932,2012-3-1
妖刀罪歌,,252266,2012-3-1
TheAvatar,,221486,2012-3-1
情瘦布儒,,204818,2012-3-1
黄泉之水,,199830,2012-3-1
Never_And_Never,,163863,2012-3-1
你猜我是谁诶嘿,,153207,2012-3-1
hank,,133376,2012-3-1
hwh405,,113028,2012-3-1
アヘ最高白目希望,,105184,2012-3-1
拿铁酱,,98421,2012-3-1
呜哇啊,,95448,2012-3-1
Prof・H,,86011,2012-3-1
晕晕散人,,83420,2012-3-1
温迪妮,,82202,2012-3-1
小透明BAKA,,80663,2012-3-1
美男,,77560,2012-3-1
女孩为何穿短裙,,3927402,2012-4-1
hank,,1181484,2012-4-1
空军引导员AF,,697334,2012-4-1
时空游客,,575502,2012-4-1
伊苏，Amber,,449998,2012-4-1
肥~,,425605,2012-4-1
阿良良木健,,387932,2012-4-1
妖刀罪歌,,252266,2012-4-1
TheAvatar,,221486,2012-4-1
情瘦布儒,,204818,2012-4-1
黄泉之水,,199830,2012-4-1
Never_And_Never,,163863,2012-4-1
你猜我是谁诶嘿,,153207,2012-4-1
アヘ最高白目希望,,123800,2012-4-1
东川路民工,,113039,2012-4-1
hwh405,,113028,2012-4-1
@乌龟吃鳖,,102105,2012-4-1
拿铁酱,,99762,2012-4-1
呜哇啊,,95448,2012-4-1
便当同学,,88594,2012-4-1
女孩为何穿短裙,,3927402,2012-5-1
hank,,1181484,2012-5-1
天然的卷毛,,980278,2012-5-1
蜃景,,730430,2012-5-1
空军引导员AF,,697334,2012-5-1
情瘦布儒,,644852,2012-5-1
时空游客,,575502,2012-5-1
伊苏，Amber,,449998,2012-5-1
肥~,,425605,2012-5-1
阿良良木健,,387932,2012-5-1
黄泉之水,,374910,2012-5-1
fontaine,,259941,2012-5-1
妖刀罪歌,,252266,2012-5-1
TheAvatar,,226564,2012-5-1
"小雷,兔子耶!",,219875,2012-5-1
アヘ最高白目希望,,171864,2012-5-1
温迪妮,,168352,2012-5-1
Never_And_Never,,163863,2012-5-1
你猜我是谁诶嘿,,153207,2012-5-1
巨硬的车厘子,,133059,2012-5-1
女孩为何穿短裙,,3927402,2012-6-1
hank,,1181484,2012-6-1
时空游客,,1081558,2012-6-1
天然的卷毛,,1053401,2012-6-1
古明地家的⑥⑥是个⑨,,841765,2012-6-1
蜃景,,737801,2012-6-1
空军引导员AF,,697334,2012-6-1
情瘦布儒,,644852,2012-6-1
阿良良木健,,574522,2012-6-1
fontaine,,552517,2012-6-1
伊苏，Amber,,449998,2012-6-1
肥~,,425605,2012-6-1
黄泉之水,,374910,2012-6-1
土豪渣,,297385,2012-6-1
妖刀罪歌,,252266,2012-6-1
TheAvatar,,226564,2012-6-1
"小雷,兔子耶!",,219875,2012-6-1
アヘ最高白目希望,,171864,2012-6-1
温迪妮,,168352,2012-6-1
Never_And_Never,,163863,2012-6-1
女孩为何穿短裙,,3927402,2012-7-1
hank,,1181484,2012-7-1
时空游客,,1081558,2012-7-1
天然的卷毛,,1060420,2012-7-1
古明地家的⑥⑥是个⑨,,841765,2012-7-1
蜃景,,763878,2012-7-1
空军引导员AF,,697334,2012-7-1
情瘦布儒,,686822,2012-7-1
fontaine,,652367,2012-7-1
男孩臭臭,,588090,2012-7-1
阿良良木健,,574522,2012-7-1
伊苏，Amber,,449998,2012-7-1
肥~,,425605,2012-7-1
黄泉之水,,374910,2012-7-1
土豪渣,,297385,2012-7-1
张小黑他姐,,273956,2012-7-1
妖刀罪歌,,252266,2012-7-1
TheAvatar,,226564,2012-7-1
"小雷,兔子耶!",,219875,2012-7-1
アヘ最高白目希望,,171864,2012-7-1
女孩为何穿短裙,,3927402,2012-8-1
hank,,1181484,2012-8-1
情瘦布儒,,1149664,2012-8-1
时空游客,,1081558,2012-8-1
天然的卷毛,,1060420,2012-8-1
古明地家的⑥⑥是个⑨,,841765,2012-8-1
蜃景,,763878,2012-8-1
fontaine,,739703,2012-8-1
空军引导员AF,,697334,2012-8-1
男孩臭臭,,588090,2012-8-1
阿良良木健,,574522,2012-8-1
伊苏，Amber,,449998,2012-8-1
肥~,,425605,2012-8-1
黄泉之水,,374910,2012-8-1
土豪渣,,297385,2012-8-1
迷咕子,,294854,2012-8-1
张小黑他姐,,273956,2012-8-1
妖刀罪歌,,252266,2012-8-1
TheAvatar,,226564,2012-8-1
"小雷,兔子耶!",,219875,2012-8-1
女孩为何穿短裙,,3927402,2012-9-1
泽野螳螂,,2085357,2012-9-1
hank,,1281429,2012-9-1
情瘦布儒,,1223536,2012-9-1
时空游客,,1090005,2012-9-1
天然的卷毛,,1060420,2012-9-1
fontaine,,852054,2012-9-1
古明地家的⑥⑥是个⑨,,841765,2012-9-1
蜃景,,764572,2012-9-1
空军引导员AF,,697334,2012-9-1
男孩臭臭,,588090,2012-9-1
阿良良木健,,574522,2012-9-1
伊苏，Amber,,449998,2012-9-1
肥~,,425605,2012-9-1
黄泉之水,,374910,2012-9-1
土豪渣,,297385,2012-9-1
迷咕子,,294854,2012-9-1
张小黑他姐,,273956,2012-9-1
★开心熊猫★,,270320,2012-9-1
妖刀罪歌,,252266,2012-9-1
女孩为何穿短裙,,3927402,2012-10-1
肥~,,2766692,2012-10-1
男孩臭臭,,2554999,2012-10-1
泽野螳螂,,2085357,2012-10-1
情瘦布儒,,1307884,2012-10-1
hank,,1281429,2012-10-1
时空游客,,1126892,2012-10-1
天然的卷毛,,1060420,2012-10-1
fontaine,,919503,2012-10-1
古明地家的⑥⑥是个⑨,,841765,2012-10-1
蜃景,,765541,2012-10-1
空军引导员AF,,697334,2012-10-1
晓宇智波鼬,,588169,2012-10-1
阿良良木健,,574522,2012-10-1
伊苏，Amber,,449998,2012-10-1
黄泉之水,,374910,2012-10-1
大基佬的力量,,307459,2012-10-1
fzxx1,,298354,2012-10-1
土豪渣,,297385,2012-10-1
迷咕子,,294854,2012-10-1
隔离条友仔,,10364006,2012-11-1
女孩为何穿短裙,,3927402,2012-11-1
肥~,,2766692,2012-11-1
男孩臭臭,,2554999,2012-11-1
情瘦布儒,,2289836,2012-11-1
泽野螳螂,,2085357,2012-11-1
fontaine,,1450339,2012-11-1
hank,,1281429,2012-11-1
时空游客,,1126892,2012-11-1
天然的卷毛,,1101626,2012-11-1
古明地家的⑥⑥是个⑨,,841765,2012-11-1
蜃景,,765541,2012-11-1
空军引导员AF,,697334,2012-11-1
晓宇智波鼬,,588169,2012-11-1
阿良良木健,,574522,2012-11-1
伊苏，Amber,,449998,2012-11-1
黄泉之水,,374910,2012-11-1
刘洋,,367750,2012-11-1
大基佬的力量,,327363,2012-11-1
顺_F4,,311701,2012-11-1
隔离条友仔,,10364006,2012-12-1
女孩为何穿短裙,,3927402,2012-12-1
肥~,,2766692,2012-12-1
男孩臭臭,,2554999,2012-12-1
情瘦布儒,,2329261,2012-12-1
泽野螳螂,,2085357,2012-12-1
fontaine,,1459340,2012-12-1
hank,,1281429,2012-12-1
时空游客,,1126892,2012-12-1
天然的卷毛,,1101626,2012-12-1
汉中则为橙,,932092,2012-12-1
古明地家的⑥⑥是个⑨,,841765,2012-12-1
蜃景,,768501,2012-12-1
空军引导员AF,,697334,2012-12-1
晓宇智波鼬,,588169,2012-12-1
阿良良木健,,574522,2012-12-1
伊苏，Amber,,449998,2012-12-1
虐妹狂人冈本伦,,388117,2012-12-1
黄泉之水,,374910,2012-12-1
刘洋,,367750,2012-12-1
隔离条友仔,,10364006,2013-1-1
女孩为何穿短裙,,3927402,2013-1-1
肥~,,2766692,2013-1-1
男孩臭臭,,2554999,2013-1-1
情瘦布儒,,2366775,2013-1-1
泽野螳螂,,2085357,2013-1-1
fontaine,,1645452,2013-1-1
hank,,1281429,2013-1-1
汉中则为橙,,1251139,2013-1-1
时空游客,,1126892,2013-1-1
天然的卷毛,,1101626,2013-1-1
古明地家的⑥⑥是个⑨,,841765,2013-1-1
蜃景,,779998,2013-1-1
空军引导员AF,,697334,2013-1-1
晓宇智波鼬,,588169,2013-1-1
阿良良木健,,574522,2013-1-1
伊苏，Amber,,449998,2013-1-1
虐妹狂人冈本伦,,388117,2013-1-1
黄泉之水,,374910,2013-1-1
刘洋,,367750,2013-1-1
隔离条友仔,,10364006,2013-2-1
女孩为何穿短裙,,3927402,2013-2-1
肥~,,2766692,2013-2-1
男孩臭臭,,2554999,2013-2-1
情瘦布儒,,2366775,2013-2-1
泽野螳螂,,2085357,2013-2-1
fontaine,,1680175,2013-2-1
hank,,1281429,2013-2-1
汉中则为橙,,1251139,2013-2-1
时空游客,,1126892,2013-2-1
天然的卷毛,,1101626,2013-2-1
古明地家的⑥⑥是个⑨,,841765,2013-2-1
蜃景,,797515,2013-2-1
A路人,,734014,2013-2-1
空军引导员AF,,697334,2013-2-1
晓宇智波鼬,,588169,2013-2-1
阿良良木健,,574522,2013-2-1
伊苏，Amber,,449998,2013-2-1
虐妹狂人冈本伦,,388117,2013-2-1
黄泉之水,,374910,2013-2-1
隔离条友仔,,10364006,2013-3-1
肥~,,4010238,2013-3-1
女孩为何穿短裙,,3927402,2013-3-1
男孩臭臭,,2554999,2013-3-1
情瘦布儒,,2537461,2013-3-1
泽野螳螂,,2085357,2013-3-1
fontaine,,1680175,2013-3-1
hank,,1281429,2013-3-1
汉中则为橙,,1251139,2013-3-1
时空游客,,1126892,2013-3-1
天然的卷毛,,1101626,2013-3-1
古明地家的⑥⑥是个⑨,,841765,2013-3-1
蜃景,,809304,2013-3-1
A路人,,734014,2013-3-1
空军引导员AF,,697334,2013-3-1
晓宇智波鼬,,588169,2013-3-1
阿良良木健,,574522,2013-3-1
伊苏，Amber,,449998,2013-3-1
虐妹狂人冈本伦,,388117,2013-3-1
庄生晓梦Void,,386122,2013-3-1
隔离条友仔,,10364006,2013-4-1
肥~,,4010238,2013-4-1
女孩为何穿短裙,,3927402,2013-4-1
男孩臭臭,,2554999,2013-4-1
情瘦布儒,,2537461,2013-4-1
泽野螳螂,,2085357,2013-4-1
fontaine,,1682875,2013-4-1
hank,,1281429,2013-4-1
汉中则为橙,,1251139,2013-4-1
万能的明儿,,1212211,2013-4-1
时空游客,,1126892,2013-4-1
天然的卷毛,,1101626,2013-4-1
古明地家的⑥⑥是个⑨,,841765,2013-4-1
蜃景,,815772,2013-4-1
A路人,,734014,2013-4-1
jasenwdh,,727680,2013-4-1
空军引导员AF,,697334,2013-4-1
猛w,,686989,2013-4-1
晓宇智波鼬,,588169,2013-4-1
阿良良木健,,574522,2013-4-1
隔离条友仔,,10364006,2013-5-1
肥~,,4010238,2013-5-1
女孩为何穿短裙,,3927402,2013-5-1
情瘦布儒,,2752171,2013-5-1
男孩臭臭,,2554999,2013-5-1
泽野螳螂,,2085357,2013-5-1
fontaine,,2003790,2013-5-1
hank,,1281429,2013-5-1
汉中则为橙,,1251139,2013-5-1
万能的明儿,,1212211,2013-5-1
时空游客,,1126892,2013-5-1
天然的卷毛,,1101626,2013-5-1
古明地家的⑥⑥是个⑨,,841765,2013-5-1
蜃景,,840484,2013-5-1
袁大湿,,800038,2013-5-1
A路人,,734014,2013-5-1
jasenwdh,,727680,2013-5-1
空军引导员AF,,697334,2013-5-1
猛w,,686989,2013-5-1
小透明BAKA,,641125,2013-5-1
隔离条友仔,,10364006,2013-6-1
肥~,,6354397,2013-6-1
女孩为何穿短裙,,3927402,2013-6-1
情瘦布儒,,2752171,2013-6-1
宇文不及格,,2555916,2013-6-1
男孩臭臭,,2554999,2013-6-1
泽野螳螂,,2085357,2013-6-1
fontaine,,2003790,2013-6-1
吃素的狮子,,1509680,2013-6-1
hank,,1281429,2013-6-1
汉中则为橙,,1251139,2013-6-1
万能的明儿,,1212211,2013-6-1
时空游客,,1126892,2013-6-1
天然的卷毛,,1113688,2013-6-1
蜃景,,933282,2013-6-1
古明地家的⑥⑥是个⑨,,841765,2013-6-1
袁大湿,,800038,2013-6-1
A路人,,734014,2013-6-1
jasenwdh,,727680,2013-6-1
空军引导员AF,,697334,2013-6-1
隔离条友仔,,10364006,2013-7-1
肥~,,6824215,2013-7-1
女孩为何穿短裙,,3927402,2013-7-1
情瘦布儒,,2752171,2013-7-1
宇文不及格,,2555916,2013-7-1
男孩臭臭,,2554999,2013-7-1
泽野螳螂,,2085357,2013-7-1
fontaine,,2003790,2013-7-1
飞机君,,1551274,2013-7-1
吃素的狮子,,1509680,2013-7-1
hank,,1281429,2013-7-1
汉中则为橙,,1251139,2013-7-1
万能的明儿,,1212211,2013-7-1
蜃景,,1127786,2013-7-1
时空游客,,1126892,2013-7-1
天然的卷毛,,1113688,2013-7-1
多戳鱼,,949837,2013-7-1
古明地家的⑥⑥是个⑨,,841765,2013-7-1
袁大湿,,800038,2013-7-1
伊丽莎白鼠,,745923,2013-7-1
隔离条友仔,,10364006,2013-8-1
肥~,,6824215,2013-8-1
女孩为何穿短裙,,3927402,2013-8-1
吃素的狮子,,3079241,2013-8-1
情瘦布儒,,2752171,2013-8-1
宇文不及格,,2555916,2013-8-1
男孩臭臭,,2554999,2013-8-1
伊丽莎白鼠,,2279869,2013-8-1
泽野螳螂,,2085357,2013-8-1
fontaine,,2003790,2013-8-1
飞机君,,1930877,2013-8-1
君,,1514829,2013-8-1
hank,,1281429,2013-8-1
汉中则为橙,,1251139,2013-8-1
万能的明儿,,1212211,2013-8-1
蜃景,,1143417,2013-8-1
时空游客,,1126892,2013-8-1
天然的卷毛,,1113688,2013-8-1
多戳鱼,,992393,2013-8-1
古明地家的⑥⑥是个⑨,,841765,2013-8-1
隔离条友仔,,10364006,2013-9-1
肥~,,8951710,2013-9-1
吃素的狮子,,4067400,2013-9-1
女孩为何穿短裙,,3927402,2013-9-1
伊丽莎白鼠,,3181249,2013-9-1
情瘦布儒,,2752171,2013-9-1
宇文不及格,,2555916,2013-9-1
男孩臭臭,,2554999,2013-9-1
飞机君,,2419041,2013-9-1
枪弹轨迹,,2397670,2013-9-1
泽野螳螂,,2085357,2013-9-1
fontaine,,2064928,2013-9-1
君,,1527819,2013-9-1
hank,,1281429,2013-9-1
汉中则为橙,,1251139,2013-9-1
万能的明儿,,1212211,2013-9-1
蜃景,,1159515,2013-9-1
时空游客,,1126892,2013-9-1
天然的卷毛,,1113688,2013-9-1
多戳鱼,,1018057,2013-9-1
隔离条友仔,,10364006,2013-10-1
肥~,,8951710,2013-10-1
伊丽莎白鼠,,5683382,2013-10-1
吃素的狮子,,4067400,2013-10-1
女孩为何穿短裙,,3927402,2013-10-1
枪弹轨迹,,2908608,2013-10-1
情瘦布儒,,2752171,2013-10-1
宇文不及格,,2555916,2013-10-1
男孩臭臭,,2554999,2013-10-1
飞机君,,2419041,2013-10-1
俗B,,2305108,2013-10-1
泽野螳螂,,2085357,2013-10-1
fontaine,,2064928,2013-10-1
君,,1599207,2013-10-1
hank,,1281429,2013-10-1
蜃景,,1270449,2013-10-1
汉中则为橙,,1251139,2013-10-1
万能的明儿,,1212211,2013-10-1
时空游客,,1126892,2013-10-1
天然的卷毛,,1113688,2013-10-1
隔离条友仔,,10364006,2013-11-1
肥~,,8951710,2013-11-1
伊丽莎白鼠,,5683382,2013-11-1
吃素的狮子,,4067400,2013-11-1
女孩为何穿短裙,,3927402,2013-11-1
枪弹轨迹,,3098866,2013-11-1
情瘦布儒,,2778030,2013-11-1
宇文不及格,,2555916,2013-11-1
男孩臭臭,,2554999,2013-11-1
飞机君,,2419041,2013-11-1
俗B,,2313935,2013-11-1
fontaine,,2235280,2013-11-1
泽野螳螂,,2085357,2013-11-1
君,,1599207,2013-11-1
蜃景,,1286912,2013-11-1
hank,,1281429,2013-11-1
汉中则为橙,,1251139,2013-11-1
万能的明儿,,1212211,2013-11-1
多戳鱼,,1143073,2013-11-1
时空游客,,1126892,2013-11-1
隔离条友仔,,10364006,2013-12-1
肥~,,8951710,2013-12-1
伊丽莎白鼠,,5683382,2013-12-1
吃素的狮子,,4067400,2013-12-1
女孩为何穿短裙,,3927402,2013-12-1
枪弹轨迹,,3385344,2013-12-1
情瘦布儒,,2778030,2013-12-1
宇文不及格,,2555916,2013-12-1
男孩臭臭,,2554999,2013-12-1
飞机君,,2455321,2013-12-1
俗B,,2313935,2013-12-1
fontaine,,2235280,2013-12-1
泽野螳螂,,2085357,2013-12-1
蜃景,,1722406,2013-12-1
君,,1599207,2013-12-1
hank,,1281429,2013-12-1
汉中则为橙,,1251139,2013-12-1
万能的明儿,,1212211,2013-12-1
多戳鱼,,1143073,2013-12-1
时空游客,,1126892,2013-12-1
隔离条友仔,,10364006,2014-1-1
肥~,,8951710,2014-1-1
伊丽莎白鼠,,5683382,2014-1-1
吃素的狮子,,4067400,2014-1-1
女孩为何穿短裙,,3927402,2014-1-1
枪弹轨迹,,3464068,2014-1-1
加x藤,,3425231,2014-1-1
情瘦布儒,,3181374,2014-1-1
宇文不及格,,2555916,2014-1-1
男孩臭臭,,2554999,2014-1-1
飞机君,,2455321,2014-1-1
俗B,,2313935,2014-1-1
fontaine,,2235280,2014-1-1
泽野螳螂,,2085357,2014-1-1
蜃景,,1724719,2014-1-1
君,,1599207,2014-1-1
hank,,1281429,2014-1-1
汉中则为橙,,1251139,2014-1-1
万能的明儿,,1212211,2014-1-1
多戳鱼,,1143073,2014-1-1
隔离条友仔,,10364006,2014-2-1
伊丽莎白鼠,,9600117,2014-2-1
肥~,,8951710,2014-2-1
兰梓,,5608948,2014-2-1
吃素的狮子,,4116660,2014-2-1
女孩为何穿短裙,,3927402,2014-2-1
枪弹轨迹,,3464068,2014-2-1
加x藤,,3425231,2014-2-1
情瘦布儒,,3181374,2014-2-1
渣文,,2840676,2014-2-1
宇文不及格,,2555916,2014-2-1
男孩臭臭,,2554999,2014-2-1
飞机君,,2554469,2014-2-1
俗B,,2313935,2014-2-1
fontaine,,2235280,2014-2-1
泽野螳螂,,2085357,2014-2-1
蜃景,,1724719,2014-2-1
君,,1599207,2014-2-1
萌萌代,,1568463,2014-2-1
hank,,1281429,2014-2-1
伊丽莎白鼠,,12821967,2014-3-1
隔离条友仔,,10364006,2014-3-1
肥~,,8951710,2014-3-1
兰梓,,5915933,2014-3-1
萌萌代,,4510687,2014-3-1
吃素的狮子,,4116660,2014-3-1
女孩为何穿短裙,,3927402,2014-3-1
枪弹轨迹,,3464068,2014-3-1
加x藤,,3425231,2014-3-1
情瘦布儒,,3181374,2014-3-1
渣文,,2840676,2014-3-1
飞机君,,2810595,2014-3-1
T2o,,2615059,2014-3-1
宇文不及格,,2555916,2014-3-1
男孩臭臭,,2554999,2014-3-1
俗B,,2326373,2014-3-1
fontaine,,2235280,2014-3-1
泽野螳螂,,2085357,2014-3-1
蜃景,,1728211,2014-3-1
君,,1599207,2014-3-1
伊丽莎白鼠,,14716652,2014-4-1
隔离条友仔,,10364006,2014-4-1
肥~,,8951710,2014-4-1
兰梓,,5915933,2014-4-1
吃素的狮子,,4751627,2014-4-1
萌萌代,,4654095,2014-4-1
女孩为何穿短裙,,3927402,2014-4-1
枪弹轨迹,,3464068,2014-4-1
加x藤,,3425231,2014-4-1
情瘦布儒,,3181374,2014-4-1
渣文,,2840676,2014-4-1
飞机君,,2810595,2014-4-1
T2o,,2615059,2014-4-1
宇文不及格,,2555916,2014-4-1
男孩臭臭,,2554999,2014-4-1
俗B,,2326373,2014-4-1
fontaine,,2236252,2014-4-1
泽野螳螂,,2085357,2014-4-1
蜃景,,1740084,2014-4-1
scabbard⑨,,1726608,2014-4-1
伊丽莎白鼠,,15585925,2014-5-1
隔离条友仔,,10364006,2014-5-1
肥~,,8951710,2014-5-1
兰梓,,5915933,2014-5-1
吃素的狮子,,5259587,2014-5-1
萌萌代,,4654095,2014-5-1
女孩为何穿短裙,,3927402,2014-5-1
枪弹轨迹,,3464068,2014-5-1
加x藤,,3425231,2014-5-1
情瘦布儒,,3217650,2014-5-1
渣文,,2840676,2014-5-1
飞机君,,2810595,2014-5-1
T2o,,2615059,2014-5-1
宇文不及格,,2555916,2014-5-1
男孩臭臭,,2554999,2014-5-1
俗B,,2326373,2014-5-1
fontaine,,2242039,2014-5-1
泽野螳螂,,2085357,2014-5-1
蜃景,,1740084,2014-5-1
scabbard⑨,,1726608,2014-5-1
伊丽莎白鼠,,15585925,2014-6-1
隔离条友仔,,10364006,2014-6-1
肥~,,8951710,2014-6-1
兰梓,,5915933,2014-6-1
吃素的狮子,,5259587,2014-6-1
萌萌代,,4654095,2014-6-1
女孩为何穿短裙,,3927402,2014-6-1
加x藤,,3537979,2014-6-1
枪弹轨迹,,3464068,2014-6-1
情瘦布儒,,3234174,2014-6-1
渣文,,2840676,2014-6-1
飞机君,,2810595,2014-6-1
T2o,,2615059,2014-6-1
宇文不及格,,2555916,2014-6-1
男孩臭臭,,2554999,2014-6-1
俗B,,2326373,2014-6-1
fontaine,,2242039,2014-6-1
泽野螳螂,,2085357,2014-6-1
蜃景,,1740084,2014-6-1
scabbard⑨,,1726608,2014-6-1
伊丽莎白鼠,,15585925,2014-7-1
隔离条友仔,,10364006,2014-7-1
肥~,,8951710,2014-7-1
兰梓,,6002133,2014-7-1
吃素的狮子,,5259587,2014-7-1
萌萌代,,4654095,2014-7-1
女孩为何穿短裙,,3927402,2014-7-1
加x藤,,3537979,2014-7-1
枪弹轨迹,,3464068,2014-7-1
情瘦布儒,,3336407,2014-7-1
飞机君,,2930134,2014-7-1
渣文,,2840676,2014-7-1
T2o,,2825542,2014-7-1
宇文不及格,,2555916,2014-7-1
男孩臭臭,,2554999,2014-7-1
俗B,,2326373,2014-7-1
fontaine,,2242039,2014-7-1
平安夜的噩梦,,2122473,2014-7-1
泽野螳螂,,2085357,2014-7-1
蜃景,,1740084,2014-7-1
伊丽莎白鼠,,15585925,2014-8-1
隔离条友仔,,10364006,2014-8-1
肥~,,8951710,2014-8-1
兰梓,,6002133,2014-8-1
吃素的狮子,,5259587,2014-8-1
萌萌代,,4654095,2014-8-1
女孩为何穿短裙,,3927402,2014-8-1
加x藤,,3537979,2014-8-1
枪弹轨迹,,3464068,2014-8-1
情瘦布儒,,3336407,2014-8-1
飞机君,,2930134,2014-8-1
渣文,,2840676,2014-8-1
T2o,,2825542,2014-8-1
宇文不及格,,2555916,2014-8-1
男孩臭臭,,2554999,2014-8-1
俗B,,2326373,2014-8-1
fontaine,,2242039,2014-8-1
平安夜的噩梦,,2122473,2014-8-1
泽野螳螂,,2085357,2014-8-1
DisonER,,2059802,2014-8-1
伊丽莎白鼠,,22725493,2014-9-1
隔离条友仔,,10364006,2014-9-1
肥~,,8951710,2014-9-1
兰梓,,6002133,2014-9-1
吃素的狮子,,5259587,2014-9-1
萌萌代,,4654095,2014-9-1
女孩为何穿短裙,,3927402,2014-9-1
加x藤,,3537979,2014-9-1
枪弹轨迹,,3464068,2014-9-1
情瘦布儒,,3336407,2014-9-1
飞机君,,2930134,2014-9-1
渣文,,2840676,2014-9-1
T2o,,2825542,2014-9-1
宇文不及格,,2555916,2014-9-1
男孩臭臭,,2554999,2014-9-1
Rhythm,,2331495,2014-9-1
俗B,,2326373,2014-9-1
fontaine,,2242039,2014-9-1
平安夜的噩梦,,2122473,2014-9-1
泽野螳螂,,2085357,2014-9-1
伊丽莎白鼠,,28000927,2014-10-1
隔离条友仔,,10364006,2014-10-1
肥~,,8951710,2014-10-1
兰梓,,6002133,2014-10-1
吃素的狮子,,5259587,2014-10-1
萌萌代,,4654095,2014-10-1
女孩为何穿短裙,,3927402,2014-10-1
加x藤,,3537979,2014-10-1
枪弹轨迹,,3464068,2014-10-1
情瘦布儒,,3336407,2014-10-1
飞机君,,2930134,2014-10-1
渣文,,2872109,2014-10-1
T2o,,2825542,2014-10-1
宇文不及格,,2555916,2014-10-1
男孩臭臭,,2554999,2014-10-1
Rhythm,,2528556,2014-10-1
俗B,,2326373,2014-10-1
fontaine,,2242039,2014-10-1
平安夜的噩梦,,2122473,2014-10-1
泽野螳螂,,2085357,2014-10-1
伊丽莎白鼠,,29328973,2014-11-1
Mr.Lemon,,13391941,2014-11-1
隔离条友仔,,10364006,2014-11-1
肥~,,8951710,2014-11-1
吃素的狮子,,6360508,2014-11-1
兰梓,,6002133,2014-11-1
萌萌代,,4654095,2014-11-1
女孩为何穿短裙,,3927402,2014-11-1
加x藤,,3537979,2014-11-1
枪弹轨迹,,3464068,2014-11-1
情瘦布儒,,3336407,2014-11-1
渣文,,3333336,2014-11-1
瞬间爆炸型LowSing,,2983936,2014-11-1
飞机君,,2930134,2014-11-1
T2o,,2825542,2014-11-1
Rhythm,,2614725,2014-11-1
宇文不及格,,2555916,2014-11-1
男孩臭臭,,2554999,2014-11-1
俗B,,2326373,2014-11-1
fontaine,,2242039,2014-11-1
伊丽莎白鼠,,34476053,2014-12-1
Mr.Lemon,,15016481,2014-12-1
吃素的狮子,,14634709,2014-12-1
瞬间爆炸型LowSing,,11344977,2014-12-1
隔离条友仔,,10364006,2014-12-1
肥~,,8951710,2014-12-1
兰梓,,6069501,2014-12-1
男孩臭臭,,4987613,2014-12-1
萌萌代,,4654095,2014-12-1
晴天下雨df,,4094563,2014-12-1
女孩为何穿短裙,,3927402,2014-12-1
加x藤,,3537979,2014-12-1
枪弹轨迹,,3464068,2014-12-1
渣文,,3402385,2014-12-1
情瘦布儒,,3336407,2014-12-1
飞机君,,2930134,2014-12-1
T2o,,2825542,2014-12-1
Rhythm,,2639715,2014-12-1
宇文不及格,,2555916,2014-12-1
俗B,,2326373,2014-12-1
伊丽莎白鼠,,39456298,2015-1-1
Mr.Lemon,,16555223,2015-1-1
吃素的狮子,,15762629,2015-1-1
瞬间爆炸型LowSing,,11863575,2015-1-1
隔离条友仔,,10364006,2015-1-1
肥~,,8951710,2015-1-1
兰梓,,6069501,2015-1-1
男孩臭臭,,4987613,2015-1-1
萌萌代,,4654095,2015-1-1
晴天下雨df,,4094563,2015-1-1
女孩为何穿短裙,,3927402,2015-1-1
加x藤,,3537979,2015-1-1
枪弹轨迹,,3464068,2015-1-1
渣文,,3428765,2015-1-1
T2o,,3408011,2015-1-1
情瘦布儒,,3336407,2015-1-1
OELoop,,2943839,2015-1-1
飞机君,,2930134,2015-1-1
杨超圆,,2706425,2015-1-1
Rhythm,,2639715,2015-1-1
伊丽莎白鼠,,41076309,2015-2-1
Mr.Lemon,,18345299,2015-2-1
吃素的狮子,,15762629,2015-2-1
瞬间爆炸型LowSing,,12522526,2015-2-1
隔离条友仔,,10364006,2015-2-1
肥~,,8951710,2015-2-1
兰梓,,6227174,2015-2-1
113部的小马,,5618887,2015-2-1
男孩臭臭,,4987613,2015-2-1
OELoop,,4864388,2015-2-1
萌萌代,,4654095,2015-2-1
晴天下雨df,,4094563,2015-2-1
女孩为何穿短裙,,3927402,2015-2-1
发光的呆毛君,,3744166,2015-2-1
加x藤,,3537979,2015-2-1
枪弹轨迹,,3464068,2015-2-1
渣文,,3428765,2015-2-1
T2o,,3408011,2015-2-1
情瘦布儒,,3336407,2015-2-1
冷面Lim,,3155158,2015-2-1
伊丽莎白鼠,,54011563,2015-3-1
绯色toy,,25287622,2015-3-1
Mr.Lemon,,18345299,2015-3-1
吃素的狮子,,15762629,2015-3-1
瞬间爆炸型LowSing,,12649332,2015-3-1
隔离条友仔,,10364006,2015-3-1
肥~,,8951710,2015-3-1
兰梓,,6227174,2015-3-1
113部的小马,,5618887,2015-3-1
男孩臭臭,,4987613,2015-3-1
OELoop,,4864388,2015-3-1
萌萌代,,4654095,2015-3-1
发光的呆毛君,,4543708,2015-3-1
晴天下雨df,,4094563,2015-3-1
女孩为何穿短裙,,3927402,2015-3-1
加x藤,,3537979,2015-3-1
枪弹轨迹,,3464068,2015-3-1
渣文,,3428765,2015-3-1
T2o,,3408011,2015-3-1
情瘦布儒,,3336407,2015-3-1
伊丽莎白鼠,,60727941,2015-4-1
绯色toy,,25287622,2015-4-1
Mr.Lemon,,18345299,2015-4-1
吃素的狮子,,15762629,2015-4-1
瞬间爆炸型LowSing,,13453709,2015-4-1
隔离条友仔,,10364006,2015-4-1
肥~,,8951710,2015-4-1
兰梓,,6227174,2015-4-1
113部的小马,,5618887,2015-4-1
男孩臭臭,,4987613,2015-4-1
OELoop,,4864388,2015-4-1
冷面Lim,,4741944,2015-4-1
萌萌代,,4654095,2015-4-1
发光的呆毛君,,4543708,2015-4-1
晴天下雨df,,4094563,2015-4-1
女孩为何穿短裙,,3927402,2015-4-1
泽野螳螂,,3624185,2015-4-1
加x藤,,3537979,2015-4-1
枪弹轨迹,,3464068,2015-4-1
渣文,,3428765,2015-4-1
伊丽莎白鼠,,60727941,2015-5-1
Mr.Lemon,,35467408,2015-5-1
绯色toy,,25287622,2015-5-1
瞬间爆炸型LowSing,,20970820,2015-5-1
吃素的狮子,,15762629,2015-5-1
隔离条友仔,,10364006,2015-5-1
肥~,,8951710,2015-5-1
兰梓,,6227174,2015-5-1
113部的小马,,5618887,2015-5-1
男孩臭臭,,4987613,2015-5-1
OELoop,,4864388,2015-5-1
冷面Lim,,4741944,2015-5-1
萌え娘,,4738773,2015-5-1
萌萌代,,4654095,2015-5-1
发光的呆毛君,,4543708,2015-5-1
半导铁匠,,4119503,2015-5-1
晴天下雨df,,4094563,2015-5-1
女孩为何穿短裙,,3927402,2015-5-1
加x藤,,3651220,2015-5-1
泽野螳螂,,3624185,2015-5-1
伊丽莎白鼠,,80418765,2015-6-1
Mr.Lemon,,35467408,2015-6-1
绯色toy,,25287622,2015-6-1
瞬间爆炸型LowSing,,20970820,2015-6-1
吃素的狮子,,16232468,2015-6-1
隔离条友仔,,10364006,2015-6-1
肥~,,8951710,2015-6-1
OELoop,,6776606,2015-6-1
冷面Lim,,6287800,2015-6-1
兰梓,,6227174,2015-6-1
113部的小马,,5700216,2015-6-1
男孩臭臭,,4987613,2015-6-1
泽野螳螂,,4759203,2015-6-1
萌え娘,,4738773,2015-6-1
萌萌代,,4654095,2015-6-1
发光的呆毛君,,4543708,2015-6-1
半导铁匠,,4119503,2015-6-1
晴天下雨df,,4094563,2015-6-1
女孩为何穿短裙,,3927402,2015-6-1
加x藤,,3651220,2015-6-1
伊丽莎白鼠,,80418765,2015-7-1
Mr.Lemon,,35467408,2015-7-1
绯色toy,,25287622,2015-7-1
瞬间爆炸型LowSing,,22775949,2015-7-1
吃素的狮子,,17461595,2015-7-1
隔离条友仔,,10364006,2015-7-1
肥~,,8951710,2015-7-1
OELoop,,8327556,2015-7-1
冷面Lim,,6287800,2015-7-1
兰梓,,6227174,2015-7-1
113部的小马,,5700216,2015-7-1
男孩臭臭,,4987613,2015-7-1
泽野螳螂,,4759203,2015-7-1
萌え娘,,4738773,2015-7-1
萌萌代,,4654095,2015-7-1
发光的呆毛君,,4543708,2015-7-1
半导铁匠,,4119503,2015-7-1
晴天下雨df,,4094563,2015-7-1
女孩为何穿短裙,,3927402,2015-7-1
加x藤,,3651220,2015-7-1
伊丽莎白鼠,,99818858,2015-8-1
Mr.Lemon,,35467408,2015-8-1
绯色toy,,25287622,2015-8-1
瞬间爆炸型LowSing,,24139627,2015-8-1
吃素的狮子,,17461595,2015-8-1
隔离条友仔,,10364006,2015-8-1
肥~,,8951710,2015-8-1
OELoop,,8327556,2015-8-1
冷面Lim,,6287800,2015-8-1
土下座の犬,,6251375,2015-8-1
兰梓,,6227174,2015-8-1
113部的小马,,5700216,2015-8-1
男孩臭臭,,4987613,2015-8-1
泽野螳螂,,4759203,2015-8-1
萌え娘,,4738773,2015-8-1
萌萌代,,4654095,2015-8-1
发光的呆毛君,,4543708,2015-8-1
半导铁匠,,4119503,2015-8-1
晴天下雨df,,4094563,2015-8-1
女孩为何穿短裙,,3927402,2015-8-1
伊丽莎白鼠,,99818858,2015-9-1
Mr.Lemon,,35771133,2015-9-1
绯色toy,,25287622,2015-9-1
瞬间爆炸型LowSing,,24139627,2015-9-1
吃素的狮子,,17461595,2015-9-1
OELoop,,10999213,2015-9-1
隔离条友仔,,10364006,2015-9-1
肥~,,8951710,2015-9-1
泽野螳螂,,8088997,2015-9-1
冷面Lim,,6287800,2015-9-1
土下座の犬,,6251375,2015-9-1
兰梓,,6227174,2015-9-1
发光的呆毛君,,6081592,2015-9-1
格子阿鼎,,5830729,2015-9-1
113部的小马,,5700216,2015-9-1
飞机君,,5388837,2015-9-1
男孩臭臭,,4987613,2015-9-1
萌え娘,,4738773,2015-9-1
萌萌代,,4654095,2015-9-1
半导铁匠,,4119503,2015-9-1
伊丽莎白鼠,,99818858,2015-10-1
Mr.Lemon,,38127052,2015-10-1
瞬间爆炸型LowSing,,33525494,2015-10-1
绯色toy,,25287622,2015-10-1
吃素的狮子,,17461595,2015-10-1
OELoop,,10999213,2015-10-1
隔离条友仔,,10364006,2015-10-1
肥~,,8951710,2015-10-1
翼侯大人,,8192560,2015-10-1
泽野螳螂,,8088997,2015-10-1
冷面Lim,,6287800,2015-10-1
土下座の犬,,6251375,2015-10-1
兰梓,,6227174,2015-10-1
发光的呆毛君,,6081592,2015-10-1
格子阿鼎,,5830729,2015-10-1
113部的小马,,5700216,2015-10-1
飞机君,,5388837,2015-10-1
T2o,,5001609,2015-10-1
男孩臭臭,,4987613,2015-10-1
裸奔的爱毛,,4910043,2015-10-1
伊丽莎白鼠,,99818858,2015-11-1
Mr.Lemon,,38127052,2015-11-1
瞬间爆炸型LowSing,,34598647,2015-11-1
绯色toy,,25287622,2015-11-1
吃素的狮子,,17461595,2015-11-1
OELoop,,10999213,2015-11-1
隔离条友仔,,10364006,2015-11-1
泽野螳螂,,10359475,2015-11-1
肥~,,8951710,2015-11-1
翼侯大人,,8192560,2015-11-1
发光的呆毛君,,6345919,2015-11-1
冷面Lim,,6287800,2015-11-1
土下座の犬,,6251375,2015-11-1
兰梓,,6227174,2015-11-1
格子阿鼎,,5830729,2015-11-1
飞机君,,5798428,2015-11-1
113部的小马,,5700216,2015-11-1
T2o,,5001609,2015-11-1
男孩臭臭,,4987613,2015-11-1
裸奔的爱毛,,4910043,2015-11-1
伊丽莎白鼠,,104206530,2015-12-1
Mr.Lemon,,38127052,2015-12-1
瞬间爆炸型LowSing,,35967743,2015-12-1
绯色toy,,25287622,2015-12-1
吃素的狮子,,17461595,2015-12-1
泽野螳螂,,16661931,2015-12-1
OELoop,,12207537,2015-12-1
隔离条友仔,,10364006,2015-12-1
肥~,,8951710,2015-12-1
翼侯大人,,8192560,2015-12-1
兰梓,,6598914,2015-12-1
痒局长,,6487238,2015-12-1
发光的呆毛君,,6345919,2015-12-1
冷面Lim,,6287800,2015-12-1
土下座の犬,,6251375,2015-12-1
格子阿鼎,,5830729,2015-12-1
飞机君,,5798428,2015-12-1
113部的小马,,5700216,2015-12-1
T2o,,5096317,2015-12-1
男孩臭臭,,4987613,2015-12-1
伊丽莎白鼠,,126761660,2016-1-1
Mr.Lemon,,38504756,2016-1-1
瞬间爆炸型LowSing,,37121239,2016-1-1
绯色toy,,25287622,2016-1-1
吃素的狮子,,20121934,2016-1-1
OELoop,,18379154,2016-1-1
泽野螳螂,,16661931,2016-1-1
隔离条友仔,,10364006,2016-1-1
肥~,,8951710,2016-1-1
发光的呆毛君,,8638878,2016-1-1
痒局长,,8387461,2016-1-1
翼侯大人,,8192560,2016-1-1
T2o,,7574521,2016-1-1
兰梓,,6598914,2016-1-1
冷面Lim,,6287800,2016-1-1
土下座の犬,,6251375,2016-1-1
飞机君,,5934092,2016-1-1
格子阿鼎,,5830729,2016-1-1
113部的小马,,5700216,2016-1-1
裸奔的爱毛,,5184357,2016-1-1
伊丽莎白鼠,,135807383,2016-2-1
Mr.Lemon,,38504756,2016-2-1
瞬间爆炸型LowSing,,37763270,2016-2-1
绯色toy,,25287622,2016-2-1
吃素的狮子,,21371994,2016-2-1
OELoop,,18599158,2016-2-1
泽野螳螂,,16661931,2016-2-1
隔离条友仔,,10364006,2016-2-1
肥~,,8951710,2016-2-1
发光的呆毛君,,8638878,2016-2-1
痒局长,,8387461,2016-2-1
翼侯大人,,8192560,2016-2-1
T2o,,7574521,2016-2-1
兰梓,,6598914,2016-2-1
冷面Lim,,6287800,2016-2-1
土下座の犬,,6251375,2016-2-1
飞机君,,5987127,2016-2-1
格子阿鼎,,5830729,2016-2-1
113部的小马,,5707017,2016-2-1
裸奔的爱毛,,5364282,2016-2-1
伊丽莎白鼠,,135807383,2016-3-1
Mr.Lemon,,45572080,2016-3-1
瞬间爆炸型LowSing,,38895196,2016-3-1
绯色toy,,25287622,2016-3-1
吃素的狮子,,21371994,2016-3-1
非桥段,,19898278,2016-3-1
OELoop,,18599158,2016-3-1
痒局长,,18510133,2016-3-1
泽野螳螂,,16661931,2016-3-1
约谈人参,,11035647,2016-3-1
隔离条友仔,,10364006,2016-3-1
肥~,,8951710,2016-3-1
发光的呆毛君,,8638878,2016-3-1
翼侯大人,,8192560,2016-3-1
T2o,,7574521,2016-3-1
裸奔的爱毛,,6875907,2016-3-1
兰梓,,6620898,2016-3-1
冷面Lim,,6287800,2016-3-1
土下座の犬,,6251375,2016-3-1
飞机君,,5987127,2016-3-1
伊丽莎白鼠,,160886469,2016-4-1
Mr.Lemon,,45572080,2016-4-1
瞬间爆炸型LowSing,,40992366,2016-4-1
绯色toy,,25287622,2016-4-1
吃素的狮子,,21371994,2016-4-1
泽野螳螂,,20564354,2016-4-1
非桥段,,19898278,2016-4-1
痒局长,,19221741,2016-4-1
OELoop,,18599158,2016-4-1
约谈人参,,12036147,2016-4-1
隔离条友仔,,10364006,2016-4-1
肥~,,8951710,2016-4-1
发光的呆毛君,,8638878,2016-4-1
翼侯大人,,8192560,2016-4-1
T2o,,7574521,2016-4-1
女孩为何穿短裙,,7338876,2016-4-1
飞机君,,7249593,2016-4-1
裸奔的爱毛,,6875907,2016-4-1
兰梓,,6839442,2016-4-1
冷面Lim,,6287800,2016-4-1
伊丽莎白鼠,,169015339,2016-5-1
Mr.Lemon,,45572080,2016-5-1
瞬间爆炸型LowSing,,41541598,2016-5-1
绯色toy,,25287622,2016-5-1
吃素的狮子,,21371994,2016-5-1
泽野螳螂,,20564354,2016-5-1
非桥段,,19898278,2016-5-1
痒局长,,19221741,2016-5-1
OELoop,,18599158,2016-5-1
绿豆KC,,16170578,2016-5-1
约谈人参,,14790224,2016-5-1
女孩为何穿短裙,,11574980,2016-5-1
隔离条友仔,,10364006,2016-5-1
此物天下绝响,,9255560,2016-5-1
裸奔的爱毛,,9056104,2016-5-1
肥~,,8951710,2016-5-1
发光的呆毛君,,8638878,2016-5-1
翼侯大人,,8192560,2016-5-1
飞机君,,8144140,2016-5-1
T2o,,7574521,2016-5-1
伊丽莎白鼠,,169015339,2016-6-1
Mr.Lemon,,45572080,2016-6-1
瞬间爆炸型LowSing,,42387086,2016-6-1
吃素的狮子,,26606739,2016-6-1
绯色toy,,25287622,2016-6-1
痒局长,,20920479,2016-6-1
泽野螳螂,,20564354,2016-6-1
非桥段,,19898278,2016-6-1
OELoop,,18599158,2016-6-1
绿豆KC,,16371235,2016-6-1
约谈人参,,14790224,2016-6-1
女孩为何穿短裙,,11574980,2016-6-1
隔离条友仔,,10364006,2016-6-1
一只桥仔,,9720235,2016-6-1
裸奔的爱毛,,9310250,2016-6-1
此物天下绝响,,9255560,2016-6-1
肥~,,8951710,2016-6-1
发光的呆毛君,,8638878,2016-6-1
飞机君,,8612346,2016-6-1
你爸知道吗,,8274905,2016-6-1
伊丽莎白鼠,,169015339,2016-7-1
Mr.Lemon,,45572080,2016-7-1
瞬间爆炸型LowSing,,42744200,2016-7-1
吃素的狮子,,28956409,2016-7-1
绯色toy,,25287622,2016-7-1
痒局长,,20920479,2016-7-1
泽野螳螂,,20564354,2016-7-1
非桥段,,20397577,2016-7-1
绿豆KC,,19701383,2016-7-1
OELoop,,19672582,2016-7-1
飞机君,,18384210,2016-7-1
约谈人参,,18017372,2016-7-1
女孩为何穿短裙,,13849147,2016-7-1
小可儿,,10466951,2016-7-1
隔离条友仔,,10364006,2016-7-1
一只桥仔,,9720235,2016-7-1
裸奔的爱毛,,9501794,2016-7-1
此物天下绝响,,9255560,2016-7-1
你爸知道吗,,9070421,2016-7-1
肥~,,8951710,2016-7-1
伊丽莎白鼠,,169015339,2016-8-1
瞬间爆炸型LowSing,,46948476,2016-8-1
Mr.Lemon,,45572080,2016-8-1
吃素的狮子,,29500574,2016-8-1
非桥段,,25503481,2016-8-1
绯色toy,,25287622,2016-8-1
OELoop,,21998300,2016-8-1
痒局长,,20920479,2016-8-1
泽野螳螂,,20564354,2016-8-1
约谈人参,,20017571,2016-8-1
绿豆KC,,19701383,2016-8-1
飞机君,,18549491,2016-8-1
此物天下绝响,,17890476,2016-8-1
女孩为何穿短裙,,16312452,2016-8-1
冰柚BeYou,,13681738,2016-8-1
裸奔的爱毛,,13572640,2016-8-1
一只桥仔,,10661984,2016-8-1
小可儿,,10549632,2016-8-1
隔离条友仔,,10364006,2016-8-1
你爸知道吗,,9070421,2016-8-1
伊丽莎白鼠,,169015339,2016-9-1
瞬间爆炸型LowSing,,52552666,2016-9-1
Mr.Lemon,,47753610,2016-9-1
吃素的狮子,,34859122,2016-9-1
OELoop,,26441780,2016-9-1
非桥段,,25503481,2016-9-1
绯色toy,,25287622,2016-9-1
泽野螳螂,,23484066,2016-9-1
痒局长,,21574457,2016-9-1
绿豆KC,,20251517,2016-9-1
约谈人参,,20017571,2016-9-1
女孩为何穿短裙,,19748296,2016-9-1
飞机君,,18601236,2016-9-1
此物天下绝响,,17890476,2016-9-1
来自天国的二赤,,16073490,2016-9-1
裸奔的爱毛,,14220655,2016-9-1
冰柚BeYou,,14021470,2016-9-1
小可儿,,10962083,2016-9-1
一只桥仔,,10661984,2016-9-1
隔离条友仔,,10364006,2016-9-1
伊丽莎白鼠,,169015339,2016-10-1
瞬间爆炸型LowSing,,54273424,2016-10-1
Mr.Lemon,,47753610,2016-10-1
吃素的狮子,,34859122,2016-10-1
OELoop,,26441780,2016-10-1
非桥段,,26199754,2016-10-1
绯色toy,,25287622,2016-10-1
泽野螳螂,,24864440,2016-10-1
绿豆KC,,21694627,2016-10-1
痒局长,,21574457,2016-10-1
约谈人参,,20976191,2016-10-1
女孩为何穿短裙,,19748296,2016-10-1
吴店长,,19100594,2016-10-1
飞机君,,18601236,2016-10-1
此物天下绝响,,17890476,2016-10-1
来自天国的二赤,,16073490,2016-10-1
裸奔的爱毛,,15847012,2016-10-1
冰柚BeYou,,14021470,2016-10-1
小可儿,,12949949,2016-10-1
发光的呆毛君,,11279250,2016-10-1
伊丽莎白鼠,,181906148,2016-11-1
瞬间爆炸型LowSing,,54436294,2016-11-1
Mr.Lemon,,47753610,2016-11-1
吃素的狮子,,34859122,2016-11-1
OELoop,,31220348,2016-11-1
非桥段,,28595553,2016-11-1
泽野螳螂,,26212428,2016-11-1
绯色toy,,25287622,2016-11-1
绿豆KC,,25109881,2016-11-1
女孩为何穿短裙,,24567997,2016-11-1
痒局长,,22538900,2016-11-1
约谈人参,,22394238,2016-11-1
小可儿,,22238057,2016-11-1
吴店长,,19100594,2016-11-1
飞机君,,18992101,2016-11-1
此物天下绝响,,17890476,2016-11-1
来自天国的二赤,,16073490,2016-11-1
裸奔的爱毛,,15907227,2016-11-1
冰柚BeYou,,14083788,2016-11-1
一只桥仔,,11606978,2016-11-1
伊丽莎白鼠,,181906148,2016-12-1
瞬间爆炸型LowSing,,54482331,2016-12-1
Mr.Lemon,,47753610,2016-12-1
女孩为何穿短裙,,35939345,2016-12-1
吃素的狮子,,35638848,2016-12-1
OELoop,,32625109,2016-12-1
非桥段,,28595553,2016-12-1
泽野螳螂,,26212428,2016-12-1
绯色toy,,25287622,2016-12-1
绿豆KC,,25109881,2016-12-1
飞机君,,24279776,2016-12-1
小可儿,,23226207,2016-12-1
痒局长,,22538900,2016-12-1
约谈人参,,22441122,2016-12-1
吴店长,,19100594,2016-12-1
此物天下绝响,,17890476,2016-12-1
裸奔的爱毛,,16624066,2016-12-1
来自天国的二赤,,16073490,2016-12-1
冰柚BeYou,,14083788,2016-12-1
起小点是大腿,,12798863,2016-12-1
伊丽莎白鼠,,194335618,2017-1-1
瞬间爆炸型LowSing,,54516308,2017-1-1
Mr.Lemon,,47753610,2017-1-1
女孩为何穿短裙,,41202563,2017-1-1
吃素的狮子,,36091970,2017-1-1
OELoop,,33797155,2017-1-1
非桥段,,28595553,2017-1-1
泽野螳螂,,26212428,2017-1-1
绯色toy,,25287622,2017-1-1
绿豆KC,,25109881,2017-1-1
飞机君,,24279776,2017-1-1
小可儿,,23904654,2017-1-1
约谈人参,,23548920,2017-1-1
痒局长,,22538900,2017-1-1
吴店长,,19100594,2017-1-1
裸奔的爱毛,,18002483,2017-1-1
此物天下绝响,,17890476,2017-1-1
来自天国的二赤,,16073490,2017-1-1
树深时见鹿dear,,14614349,2017-1-1
冰柚BeYou,,14268635,2017-1-1
伊丽莎白鼠,,205972504,2017-2-1
瞬间爆炸型LowSing,,55468851,2017-2-1
Mr.Lemon,,47753610,2017-2-1
女孩为何穿短裙,,41202563,2017-2-1
吃素的狮子,,36091970,2017-2-1
OELoop,,35891778,2017-2-1
非桥段,,34236903,2017-2-1
泽野螳螂,,26212428,2017-2-1
绿豆KC,,25932992,2017-2-1
绯色toy,,25287622,2017-2-1
小可儿,,24578578,2017-2-1
飞机君,,24431252,2017-2-1
约谈人参,,23738402,2017-2-1
痒局长,,23182580,2017-2-1
吴店长,,19100594,2017-2-1
裸奔的爱毛,,18525860,2017-2-1
此物天下绝响,,17890476,2017-2-1
来自天国的二赤,,16073490,2017-2-1
树深时见鹿dear,,14964907,2017-2-1
冰柚BeYou,,14634401,2017-2-1
伊丽莎白鼠,,205972504,2017-3-1
瞬间爆炸型LowSing,,57487542,2017-3-1
Mr.Lemon,,47753610,2017-3-1
女孩为何穿短裙,,41202563,2017-3-1
OELoop,,37328280,2017-3-1
吃素的狮子,,36091970,2017-3-1
非桥段,,34236903,2017-3-1
小可儿,,26435008,2017-3-1
约谈人参,,26391423,2017-3-1
泽野螳螂,,26212428,2017-3-1
绿豆KC,,25932992,2017-3-1
绯色toy,,25287622,2017-3-1
飞机君,,24431252,2017-3-1
痒局长,,23182580,2017-3-1
裸奔的爱毛,,20265548,2017-3-1
吴店长,,19100594,2017-3-1
此物天下绝响,,17890476,2017-3-1
来自天国的二赤,,16073490,2017-3-1
夏季牧诗,,15299059,2017-3-1
树深时见鹿dear,,14964907,2017-3-1
伊丽莎白鼠,,205972504,2017-4-1
瞬间爆炸型LowSing,,58403491,2017-4-1
Mr.Lemon,,47753610,2017-4-1
女孩为何穿短裙,,45771526,2017-4-1
OELoop,,37535044,2017-4-1
吃素的狮子,,36778408,2017-4-1
非桥段,,34236903,2017-4-1
泽野螳螂,,29748076,2017-4-1
约谈人参,,27152425,2017-4-1
十三Mye,,27054476,2017-4-1
小可儿,,26435008,2017-4-1
绿豆KC,,25932992,2017-4-1
绯色toy,,25287622,2017-4-1
痒局长,,24671796,2017-4-1
飞机君,,24431252,2017-4-1
裸奔的爱毛,,21612630,2017-4-1
树深时见鹿dear,,20588050,2017-4-1
吴店长,,19100594,2017-4-1
起小点是大腿,,18664646,2017-4-1
此物天下绝响,,17890476,2017-4-1
伊丽莎白鼠,,205972504,2017-5-1
瞬间爆炸型LowSing,,58765625,2017-5-1
Mr.Lemon,,48186529,2017-5-1
女孩为何穿短裙,,47514666,2017-5-1
OELoop,,38780244,2017-5-1
吃素的狮子,,36778408,2017-5-1
泽野螳螂,,35220406,2017-5-1
非桥段,,34236903,2017-5-1
约谈人参,,27933099,2017-5-1
绿豆KC,,27513704,2017-5-1
十三Mye,,27054476,2017-5-1
小可儿,,26905896,2017-5-1
绯色toy,,25287622,2017-5-1
痒局长,,24671796,2017-5-1
飞机君,,24431252,2017-5-1
裸奔的爱毛,,21612630,2017-5-1
树深时见鹿dear,,20588050,2017-5-1
吴店长,,19100594,2017-5-1
起小点是大腿,,18664646,2017-5-1
此物天下绝响,,17890476,2017-5-1
伊丽莎白鼠,,205972504,2017-6-1
瞬间爆炸型LowSing,,59442795,2017-6-1
Mr.Lemon,,48186529,2017-6-1
女孩为何穿短裙,,47514666,2017-6-1
OELoop,,41643018,2017-6-1
吃素的狮子,,37521581,2017-6-1
泽野螳螂,,36516786,2017-6-1
非桥段,,34236903,2017-6-1
绿豆KC,,28983486,2017-6-1
小可儿,,28133287,2017-6-1
约谈人参,,27933099,2017-6-1
十三Mye,,27054476,2017-6-1
绯色toy,,25287622,2017-6-1
痒局长,,24978054,2017-6-1
飞机君,,24431252,2017-6-1
裸奔的爱毛,,21612630,2017-6-1
树深时见鹿dear,,20668622,2017-6-1
吴店长,,19100594,2017-6-1
起小点是大腿,,18664646,2017-6-1
此物天下绝响,,17890476,2017-6-1
伊丽莎白鼠,,205972504,2017-7-1
瞬间爆炸型LowSing,,61031099,2017-7-1
Mr.Lemon,,48186529,2017-7-1
女孩为何穿短裙,,47514666,2017-7-1
OELoop,,44894075,2017-7-1
泽野螳螂,,38364003,2017-7-1
吃素的狮子,,37521581,2017-7-1
非桥段,,34236903,2017-7-1
绿豆KC,,30270438,2017-7-1
小可儿,,28298425,2017-7-1
约谈人参,,28009565,2017-7-1
十三Mye,,27054476,2017-7-1
绯色toy,,25287622,2017-7-1
树深时见鹿dear,,25134095,2017-7-1
痒局长,,24978054,2017-7-1
飞机君,,24431252,2017-7-1
还有一天就放假了,,24080194,2017-7-1
裸奔的爱毛,,22836003,2017-7-1
吴店长,,19100594,2017-7-1
潮汕好男人,,18891674,2017-7-1
伊丽莎白鼠,,205972504,2017-8-1
瞬间爆炸型LowSing,,62236319,2017-8-1
女孩为何穿短裙,,50500930,2017-8-1
Mr.Lemon,,48343937,2017-8-1
OELoop,,45546809,2017-8-1
泽野螳螂,,38364003,2017-8-1
吃素的狮子,,37521581,2017-8-1
非桥段,,34236903,2017-8-1
绿豆KC,,30270438,2017-8-1
约谈人参,,29084098,2017-8-1
小可儿,,28505054,2017-8-1
树深时见鹿dear,,27513352,2017-8-1
十三Mye,,27078752,2017-8-1
绯色toy,,25287622,2017-8-1
痒局长,,24978054,2017-8-1
还有一天就放假了,,24758342,2017-8-1
飞机君,,24431252,2017-8-1
裸奔的爱毛,,24003382,2017-8-1
潮汕好男人,,23190876,2017-8-1
此物天下绝响,,21841075,2017-8-1
伊丽莎白鼠,,205972504,2017-9-1
瞬间爆炸型LowSing,,62236319,2017-9-1
女孩为何穿短裙,,52420944,2017-9-1
OELoop,,51331033,2017-9-1
Mr.Lemon,,48343937,2017-9-1
泽野螳螂,,43378379,2017-9-1
吃素的狮子,,37682745,2017-9-1
非桥段,,34236903,2017-9-1
约谈人参,,31021397,2017-9-1
绿豆KC,,30270438,2017-9-1
小可儿,,29079144,2017-9-1
树深时见鹿dear,,28577229,2017-9-1
十三Mye,,27078752,2017-9-1
绯色toy,,25287622,2017-9-1
痒局长,,25274034,2017-9-1
起小点是大腿,,24909156,2017-9-1
冰攻厂BeSo,,24799580,2017-9-1
还有一天就放假了,,24758342,2017-9-1
飞机君,,24657113,2017-9-1
裸奔的爱毛,,24553146,2017-9-1
伊丽莎白鼠,,205972504,2017-10-1
瞬间爆炸型LowSing,,63468613,2017-10-1
女孩为何穿短裙,,62964694,2017-10-1
OELoop,,51331033,2017-10-1
Mr.Lemon,,48343937,2017-10-1
泽野螳螂,,47295064,2017-10-1
吃素的狮子,,37821898,2017-10-1
约谈人参,,35488741,2017-10-1
非桥段,,34236903,2017-10-1
绿豆KC,,30270438,2017-10-1
小可儿,,29297942,2017-10-1
树深时见鹿dear,,28577229,2017-10-1
十三Mye,,27664182,2017-10-1
潮汕好男人,,26743186,2017-10-1
还有一天就放假了,,26535562,2017-10-1
绯色toy,,25287622,2017-10-1
痒局长,,25274034,2017-10-1
起小点是大腿,,24909156,2017-10-1
裸奔的爱毛,,24820277,2017-10-1
冰攻厂BeSo,,24799580,2017-10-1
伊丽莎白鼠,,205972504,2017-11-1
瞬间爆炸型LowSing,,65899365,2017-11-1
女孩为何穿短裙,,62964694,2017-11-1
OELoop,,51558122,2017-11-1
Mr.Lemon,,48343937,2017-11-1
泽野螳螂,,47295064,2017-11-1
吃素的狮子,,39005638,2017-11-1
非桥段,,38519079,2017-11-1
约谈人参,,36247497,2017-11-1
绿豆KC,,30270438,2017-11-1
小可儿,,29766458,2017-11-1
树深时见鹿dear,,28984995,2017-11-1
还有一天就放假了,,28420900,2017-11-1
十三Mye,,27664182,2017-11-1
潮汕好男人,,26743186,2017-11-1
裸奔的爱毛,,26677077,2017-11-1
绯色toy,,25287622,2017-11-1
痒局长,,25274034,2017-11-1
起小点是大腿,,24909156,2017-11-1
冰攻厂BeSo,,24830737,2017-11-1
伊丽莎白鼠,,205972504,2017-12-1
女孩为何穿短裙,,74715486,2017-12-1
瞬间爆炸型LowSing,,66552028,2017-12-1
OELoop,,52660641,2017-12-1
泽野螳螂,,48618408,2017-12-1
Mr.Lemon,,48343937,2017-12-1
非桥段,,40023609,2017-12-1
吃素的狮子,,39005638,2017-12-1
约谈人参,,37653987,2017-12-1
小可儿,,33654447,2017-12-1
绿豆KC,,30270438,2017-12-1
树深时见鹿dear,,28984995,2017-12-1
还有一天就放假了,,28420900,2017-12-1
十三Mye,,27664182,2017-12-1
潮汕好男人,,27214125,2017-12-1
裸奔的爱毛,,27025099,2017-12-1
痒局长,,25865686,2017-12-1
飞机君,,25521687,2017-12-1
绯色toy,,25287622,2017-12-1
冰攻厂BeSo,,24980619,2017-12-1
伊丽莎白鼠,,205972504,2018-1-1
女孩为何穿短裙,,74715486,2018-1-1
瞬间爆炸型LowSing,,68950510,2018-1-1
OELoop,,56944961,2018-1-1
泽野螳螂,,48618408,2018-1-1
Mr.Lemon,,48343937,2018-1-1
非桥段,,40023609,2018-1-1
吃素的狮子,,39072648,2018-1-1
约谈人参,,38741282,2018-1-1
小可儿,,33947231,2018-1-1
鸡鸡・夫斯基,,31058847,2018-1-1
绿豆KC,,30270438,2018-1-1
树深时见鹿dear,,29039466,2018-1-1
还有一天就放假了,,28420900,2018-1-1
冰攻厂BeSo,,28359085,2018-1-1
十三Mye,,27664182,2018-1-1
裸奔的爱毛,,27346665,2018-1-1
潮汕好男人,,27214125,2018-1-1
痒局长,,26206446,2018-1-1
飞机君,,25762063,2018-1-1
伊丽莎白鼠,,205972504,2018-2-1
女孩为何穿短裙,,77776950,2018-2-1
瞬间爆炸型LowSing,,68950510,2018-2-1
OELoop,,60258481,2018-2-1
泽野螳螂,,48618408,2018-2-1
Mr.Lemon,,48343937,2018-2-1
非桥段,,40023609,2018-2-1
茶几君梦二,,39794278,2018-2-1
吃素的狮子,,39222943,2018-2-1
约谈人参,,38741282,2018-2-1
小可儿,,35173146,2018-2-1
鸡鸡・夫斯基,,34680343,2018-2-1
绿豆KC,,30270438,2018-2-1
树深时见鹿dear,,29057154,2018-2-1
还有一天就放假了,,28803912,2018-2-1
冰攻厂BeSo,,28359085,2018-2-1
裸奔的爱毛,,27783673,2018-2-1
十三Mye,,27664182,2018-2-1
潮汕好男人,,27214125,2018-2-1
痒局长,,26991958,2018-2-1
伊丽莎白鼠,,205972504,2018-3-1
女孩为何穿短裙,,80239188,2018-3-1
瞬间爆炸型LowSing,,69032163,2018-3-1
OELoop,,60258481,2018-3-1
泽野螳螂,,48618408,2018-3-1
Mr.Lemon,,48343937,2018-3-1
茶几君梦二,,42083724,2018-3-1
非桥段,,40913333,2018-3-1
约谈人参,,39653385,2018-3-1
吃素的狮子,,39329745,2018-3-1
小可儿,,36300636,2018-3-1
鸡鸡・夫斯基,,34893299,2018-3-1
Z月,,31802241,2018-3-1
绿豆KC,,30400749,2018-3-1
冰攻厂BeSo,,29645574,2018-3-1
树深时见鹿dear,,29377260,2018-3-1
还有一天就放假了,,28803912,2018-3-1
潮汕好男人,,28052480,2018-3-1
裸奔的爱毛,,27813453,2018-3-1
十三Mye,,27705774,2018-3-1
伊丽莎白鼠,,205972504,2018-4-1
女孩为何穿短裙,,82439026,2018-4-1
OELoop,,73426309,2018-4-1
瞬间爆炸型LowSing,,69762217,2018-4-1
泽野螳螂,,50122379,2018-4-1
Mr.Lemon,,48343937,2018-4-1
茶几君梦二,,45339098,2018-4-1
吃素的狮子,,42736699,2018-4-1
非桥段,,42142230,2018-4-1
约谈人参,,40843580,2018-4-1
小可儿,,37619554,2018-4-1
鸡鸡・夫斯基,,35670014,2018-4-1
Z月,,33164225,2018-4-1
痒局长,,32306702,2018-4-1
潮汕好男人,,30881344,2018-4-1
绿豆KC,,30400749,2018-4-1
还有一天就放假了,,29793507,2018-4-1
树深时见鹿dear,,29766927,2018-4-1
冰攻厂BeSo,,29645574,2018-4-1
裸奔的爱毛,,28251030,2018-4-1
伊丽莎白鼠,,205972504,2018-5-1
女孩为何穿短裙,,82439026,2018-5-1
OELoop,,75251289,2018-5-1
瞬间爆炸型LowSing,,72091161,2018-5-1
泽野螳螂,,52214004,2018-5-1
Mr.Lemon,,48343937,2018-5-1
茶几君梦二,,45339098,2018-5-1
约谈人参,,42786302,2018-5-1
吃素的狮子,,42736699,2018-5-1
非桥段,,42142230,2018-5-1
小可儿,,38055502,2018-5-1
鸡鸡・夫斯基,,37290975,2018-5-1
痒局长,,33911067,2018-5-1
Z月,,33278567,2018-5-1
倒悬的橘子,,31970200,2018-5-1
潮汕好男人,,30881344,2018-5-1
绿豆KC,,30400749,2018-5-1
树深时见鹿dear,,29919375,2018-5-1
还有一天就放假了,,29793507,2018-5-1
冰攻厂BeSo,,29645574,2018-5-1
伊丽莎白鼠,,205972504,2018-6-1
女孩为何穿短裙,,82439026,2018-6-1
OELoop,,77364244,2018-6-1
瞬间爆炸型LowSing,,72091161,2018-6-1
泽野螳螂,,59044714,2018-6-1
Mr.Lemon,,48343937,2018-6-1
茶几君梦二,,45339098,2018-6-1
约谈人参,,43571502,2018-6-1
吃素的狮子,,42986903,2018-6-1
非桥段,,42142230,2018-6-1
小可儿,,38607759,2018-6-1
鸡鸡・夫斯基,,37770578,2018-6-1
痒局长,,34504879,2018-6-1
Z月,,33465912,2018-6-1
倒悬的橘子,,32355032,2018-6-1
潮汕好男人,,30881344,2018-6-1
绿豆KC,,30400749,2018-6-1
树深时见鹿dear,,29919375,2018-6-1
还有一天就放假了,,29793507,2018-6-1
冰攻厂BeSo,,29645574,2018-6-1
伊丽莎白鼠,,205972504,2018-7-1
女孩为何穿短裙,,82439026,2018-7-1
OELoop,,78640326,2018-7-1
瞬间爆炸型LowSing,,73824839,2018-7-1
泽野螳螂,,61255888,2018-7-1
Mr.Lemon,,48343937,2018-7-1
茶几君梦二,,45339098,2018-7-1
约谈人参,,43697106,2018-7-1
吃素的狮子,,42986903,2018-7-1
非桥段,,42142230,2018-7-1
小可儿,,39762921,2018-7-1
鸡鸡・夫斯基,,38675577,2018-7-1
倒悬的橘子,,35991362,2018-7-1
痒局长,,35888343,2018-7-1
Z月,,33465912,2018-7-1
潮汕好男人,,32292918,2018-7-1
绿豆KC,,30578691,2018-7-1
冰攻厂BeSo,,30210564,2018-7-1
树深时见鹿dear,,29997884,2018-7-1
还有一天就放假了,,29793507,2018-7-1
伊丽莎白鼠,,205972504,2018-8-1
女孩为何穿短裙,,82439026,2018-8-1
OELoop,,79547371,2018-8-1
瞬间爆炸型LowSing,,74806109,2018-8-1
泽野螳螂,,63316637,2018-8-1
Mr.Lemon,,48343937,2018-8-1
茶几君梦二,,45339098,2018-8-1
约谈人参,,45139195,2018-8-1
吃素的狮子,,42986903,2018-8-1
非桥段,,42142230,2018-8-1
倒悬的橘子,,40845720,2018-8-1
小可儿,,39844280,2018-8-1
鸡鸡・夫斯基,,38944955,2018-8-1
痒局长,,35888343,2018-8-1
Z月,,35542453,2018-8-1
潮汕好男人,,32292918,2018-8-1
绿豆KC,,30615250,2018-8-1
还有一天就放假了,,30294946,2018-8-1
冰攻厂BeSo,,30210564,2018-8-1
树深时见鹿dear,,29997884,2018-8-1
伊丽莎白鼠,,205972504,2018-9-1
女孩为何穿短裙,,82439026,2018-9-1
OELoop,,80149357,2018-9-1
瞬间爆炸型LowSing,,76057147,2018-9-1
泽野螳螂,,63316637,2018-9-1
Mr.Lemon,,49454185,2018-9-1
鸡鸡・夫斯基,,48222997,2018-9-1
约谈人参,,46209348,2018-9-1
茶几君梦二,,45339098,2018-9-1
吃素的狮子,,42986903,2018-9-1
非桥段,,42142230,2018-9-1
倒悬的橘子,,41260369,2018-9-1
小可儿,,39844280,2018-9-1
痒局长,,37172183,2018-9-1
Z月,,35634021,2018-9-1
潮汕好男人,,32292918,2018-9-1
还有一天就放假了,,32024878,2018-9-1
绿豆KC,,30771211,2018-9-1
冰攻厂BeSo,,30752401,2018-9-1
树深时见鹿dear,,30042218,2018-9-1
伊丽莎白鼠,,205972504,2018-10-1
女孩为何穿短裙,,83291656,2018-10-1
OELoop,,80860084,2018-10-1
瞬间爆炸型LowSing,,77045523,2018-10-1
泽野螳螂,,70453632,2018-10-1
鸡鸡・夫斯基,,50180697,2018-10-1
Mr.Lemon,,49454185,2018-10-1
约谈人参,,47096558,2018-10-1
茶几君梦二,,45339098,2018-10-1
倒悬的橘子,,44572942,2018-10-1
小可儿,,44450407,2018-10-1
吃素的狮子,,42986903,2018-10-1
非桥段,,42142230,2018-10-1
痒局长,,38050593,2018-10-1
Z月,,35634021,2018-10-1
树深时见鹿dear,,35246859,2018-10-1
还有一天就放假了,,32596134,2018-10-1
潮汕好男人,,32292918,2018-10-1
绿豆KC,,31497444,2018-10-1
冰攻厂BeSo,,31348496,2018-10-1
伊丽莎白鼠,,205972504,2018-11-1
女孩为何穿短裙,,84253413,2018-11-1
OELoop,,81696794,2018-11-1
瞬间爆炸型LowSing,,77976526,2018-11-1
泽野螳螂,,70453632,2018-11-1
鸡鸡・夫斯基,,51047120,2018-11-1
Mr.Lemon,,49454185,2018-11-1
约谈人参,,47780976,2018-11-1
茶几君梦二,,45339098,2018-11-1
倒悬的橘子,,45333717,2018-11-1
小可儿,,44450407,2018-11-1
吃素的狮子,,43145033,2018-11-1
非桥段,,42142230,2018-11-1
痒局长,,40619842,2018-11-1
Z月,,36134771,2018-11-1
树深时见鹿dear,,35541300,2018-11-1
潮汕好男人,,33971225,2018-11-1
还有一天就放假了,,32596134,2018-11-1
绿豆KC,,32425277,2018-11-1
冰攻厂BeSo,,31348496,2018-11-1
伊丽莎白鼠,,208942374,2018-12-1
女孩为何穿短裙,,84253413,2018-12-1
OELoop,,82567591,2018-12-1
瞬间爆炸型LowSing,,78850331,2018-12-1
泽野螳螂,,73840561,2018-12-1
鸡鸡・夫斯基,,52030749,2018-12-1
Mr.Lemon,,49454185,2018-12-1
约谈人参,,48805455,2018-12-1
小可儿,,46855323,2018-12-1
茶几君梦二,,45389952,2018-12-1
倒悬的橘子,,45333717,2018-12-1
吃素的狮子,,43145033,2018-12-1
非桥段,,42243292,2018-12-1
痒局长,,41615946,2018-12-1
Z月,,36134771,2018-12-1
树深时见鹿dear,,35541300,2018-12-1
潮汕好男人,,34564676,2018-12-1
还有一天就放假了,,32926470,2018-12-1
绿豆KC,,32491448,2018-12-1
冰攻厂BeSo,,32407650,2018-12-1
伊丽莎白鼠,,208942374,2019-1-1
女孩为何穿短裙,,84253413,2019-1-1
OELoop,,82957766,2019-1-1
瞬间爆炸型LowSing,,80649634,2019-1-1
泽野螳螂,,73840561,2019-1-1
鸡鸡・夫斯基,,53162281,2019-1-1
小可儿,,50128608,2019-1-1
Mr.Lemon,,49454185,2019-1-1
约谈人参,,49266173,2019-1-1
倒悬的橘子,,47118971,2019-1-1
茶几君梦二,,45389952,2019-1-1
吃素的狮子,,43145033,2019-1-1
非桥段,,42806194,2019-1-1
痒局长,,41871879,2019-1-1
Z月,,38028082,2019-1-1
潮汕好男人,,36355974,2019-1-1
树深时见鹿dear,,35955449,2019-1-1
浅澄月,,34964385,2019-1-1
还有一天就放假了,,33089074,2019-1-1
冰攻厂BeSo,,32813603,2019-1-1
伊丽莎白鼠,,208942374,2019-2-1
OELoop,,88858564,2019-2-1
女孩为何穿短裙,,84253413,2019-2-1
瞬间爆炸型LowSing,,82359016,2019-2-1
泽野螳螂,,77688957,2019-2-1
鸡鸡・夫斯基,,54806470,2019-2-1
小可儿,,52867040,2019-2-1
约谈人参,,50580031,2019-2-1
Mr.Lemon,,49454185,2019-2-1
吃素的狮子,,48378991,2019-2-1
倒悬的橘子,,48188874,2019-2-1
茶几君梦二,,46073872,2019-2-1
痒局长,,42861135,2019-2-1
非桥段,,42806194,2019-2-1
浅澄月,,38736885,2019-2-1
Z月,,38105337,2019-2-1
树深时见鹿dear,,37115233,2019-2-1
潮汕好男人,,36995697,2019-2-1
还有一天就放假了,,35173220,2019-2-1
猫店,,34143414,2019-2-1
伊丽莎白鼠,,208942374,2019-3-1
OELoop,,89239146,2019-3-1
女孩为何穿短裙,,84253413,2019-3-1
瞬间爆炸型LowSing,,82502788,2019-3-1
泽野螳螂,,77688957,2019-3-1
鸡鸡・夫斯基,,57150632,2019-3-1
小可儿,,53875707,2019-3-1
约谈人参,,51189527,2019-3-1
Mr.Lemon,,49454185,2019-3-1
吃素的狮子,,48378991,2019-3-1
倒悬的橘子,,48353121,2019-3-1
茶几君梦二,,46073872,2019-3-1
痒局长,,44275266,2019-3-1
非桥段,,42806194,2019-3-1
潮汕好男人,,40062039,2019-3-1
浅澄月,,39032404,2019-3-1
Z月,,38105337,2019-3-1
树深时见鹿dear,,37115233,2019-3-1
猫店,,36053059,2019-3-1
冰攻厂BeSo,,35811226,2019-3-1
伊丽莎白鼠,,208942374,2019-4-1
OELoop,,89807035,2019-4-1
女孩为何穿短裙,,84253413,2019-4-1
瞬间爆炸型LowSing,,82869849,2019-4-1
泽野螳螂,,80915447,2019-4-1
鸡鸡・夫斯基,,59928322,2019-4-1
小可儿,,54293371,2019-4-1
约谈人参,,52624883,2019-4-1
倒悬的橘子,,50238304,2019-4-1
Mr.Lemon,,49454185,2019-4-1
吃素的狮子,,48810415,2019-4-1
茶几君梦二,,46073872,2019-4-1
痒局长,,44653866,2019-4-1
非桥段,,42806194,2019-4-1
潮汕好男人,,40981346,2019-4-1
浅澄月,,39917112,2019-4-1
Z月,,38105337,2019-4-1
树深时见鹿dear,,37214590,2019-4-1
猫店,,36818416,2019-4-1
冰攻厂BeSo,,36130910,2019-4-1
伊丽莎白鼠,,211880373,2019-5-1
OELoop,,91665416,2019-5-1
女孩为何穿短裙,,84253413,2019-5-1
瞬间爆炸型LowSing,,83901025,2019-5-1
泽野螳螂,,81207136,2019-5-1
鸡鸡・夫斯基,,62998592,2019-5-1
小可儿,,54728658,2019-5-1
约谈人参,,53373395,2019-5-1
茶几君梦二,,51691657,2019-5-1
倒悬的橘子,,51657006,2019-5-1
Mr.Lemon,,49454185,2019-5-1
吃素的狮子,,48810415,2019-5-1
痒局长,,45572094,2019-5-1
潮汕好男人,,43952453,2019-5-1
猫店,,43887373,2019-5-1
浅澄月,,43159512,2019-5-1
非桥段,,42806194,2019-5-1
Z月,,40685744,2019-5-1
树深时见鹿dear,,37705495,2019-5-1
冰攻厂BeSo,,37541197,2019-5-1
